INSERT INTO `publishers` (PublisherID, PublisherName) VALUES (1, "julkaisija1");
INSERT INTO `publishers` (PublisherID, PublisherName) VALUES (2, "julkaisija2");
INSERT INTO `publishers` (PublisherID, PublisherName) VALUES (3, "julkaisija3");
INSERT INTO `publishers` (PublisherID, PublisherName) VALUES (4, "julkaisija4");
INSERT INTO `publishers` (PublisherID, PublisherName) VALUES (5, "julkaisija5");
INSERT INTO `publishers` (PublisherID, PublisherName) VALUES (6, "julkaisija6");

INSERT INTO `languages` (LanguageID, LanguageName) VALUES (1, "suomi");
INSERT INTO `languages` (LanguageID, LanguageName) VALUES (2, "englanti");
INSERT INTO `languages` (LanguageID, LanguageName) VALUES (3, "ruotsi");

INSERT INTO `products` (ProductID, Name, ReleaseDate, ImagePath, LanguageID, Brief, Description, EAN13, PublisherID) VALUES (1,'nimi1','2008-11-11','tekstiä',1,'Lorem ipsum dolor sit amet, consectetuer adipiscing elit. Sed posuere interdum sem. Quisque ligula eros ullamcorper quis, lacinia quis facilisis sed sapien. Mauris varius diam vitae arcu.','Lorem ipsum dolor sit amet, consectetuer adipiscing elit. Sed posuere interdum sem. Quisque ligula eros ullamcorper quis, lacinia quis facilisis sed sapien. Mauris varius diam vitae arcu. Sed arcu lectus auctor vitae, consectetuer et venenatis eget velit. Sed augue orci, lacinia eu tincidunt et eleifend nec lacus. Donec ultricies nisl ut felis, suspendisse potenti. Lorem ipsum ligula ut hendrerit mollis, ipsum erat vehicula risus, eu suscipit sem libero nec erat. Aliquam erat volutpat. Sed congue augue vitae neque. Nulla consectetuer porttitor pede. Fusce purus morbi tortor magna condimentum vel, placerat id blandit sit amet tortor.

Mauris sed libero. Suspendisse facilisis nulla in lacinia laoreet, lorem velit accumsan velit vel mattis libero nisl et sem. Proin interdum maecenas massa turpis sagittis in, interdum non lobortis vitae massa. Quisque purus lectus, posuere eget imperdiet nec sodales id arcu. Vestibulum elit pede dictum eu, viverra non tincidunt eu ligula.

Nam molestie nec tortor. Donec placerat leo sit amet velit. Vestibulum id justo ut vitae massa. Proin in dolor mauris consequat aliquam. Donec ipsum, vestibulum ullamcorper venenatis augue. Aliquam tempus nisi in auctor vulputate, erat felis pellentesque augue nec, pellentesque lectus justo nec erat. Aliquam et nisl. Quisque sit amet dolor in justo pretium condimentum.

Vivamus placerat lacus vel vehicula scelerisque, dui enim adipiscing lacus sit amet sagittis, libero enim vitae mi. In neque magna posuere, euismod ac tincidunt tempor est. Ut suscipit nisi eu purus. Proin ut pede mauris eget ipsum. Integer vel quam nunc commodo consequat. Integer ac eros eu tellus dignissim viverra. Maecenas erat aliquam erat volutpat. Ut venenatis ipsum quis turpis. Integer cursus scelerisque lorem. Sed nec mauris id quam blandit consequat. Cras nibh mi hendrerit vitae, dapibus et aliquam et magna. Nulla vitae elit. Mauris consectetuer odio vitae augue.',0000000000000,3);
INSERT INTO `products` (ProductID, Name, ReleaseDate, ImagePath, LanguageID, Brief, Description, EAN13, PublisherID) VALUES (2,'nimi2',NULL,'Lorem',2,'Ut','Lorem ipsum dolor sit amet, consectetuer adipiscing elit. Sed posuere interdum sem. Quisque ligula eros ullamcorper quis, lacinia quis facilisis sed sapien. Mauris varius diam vitae arcu. Sed arcu lectus auctor vitae, consectetuer et venenatis eget velit. Sed augue orci, lacinia eu tincidunt et eleifend nec lacus. Donec ultricies nisl ut felis, suspendisse potenti. Lorem ipsum ligula ut hendrerit mollis, ipsum erat vehicula risus, eu suscipit sem libero nec erat. Aliquam erat volutpat. Sed congue augue vitae neque. Nulla consectetuer porttitor pede. Fusce purus morbi tortor magna condimentum vel, placerat id blandit sit amet tortor.

Mauris sed libero. Suspendisse facilisis nulla in lacinia laoreet, lorem velit accumsan velit vel mattis libero nisl et sem. Proin interdum maecenas massa turpis sagittis in, interdum non lobortis vitae massa. Quisque purus lectus, posuere eget imperdiet nec sodales id arcu. Vestibulum elit pede dictum eu, viverra non tincidunt eu ligula.

Nam molestie nec tortor. Donec placerat leo sit amet velit. Vestibulum id justo ut vitae massa. Proin in dolor mauris consequat aliquam. Donec ipsum, vestibulum ullamcorper venenatis augue. Aliquam tempus nisi in auctor vulputate, erat felis pellentesque augue nec, pellentesque lectus justo nec erat. Aliquam et nisl. Quisque sit amet dolor in justo pretium condimentum.

Vivamus placerat lacus vel vehicula scelerisque, dui enim adipiscing lacus sit amet sagittis, libero enim vitae mi. In neque magna posuere, euismod ac tincidunt tempor est. Ut suscipit nisi eu purus. Proin ut pede mauris eget ipsum. Integer vel quam nunc commodo consequat. Integer ac eros eu tellus dignissim viverra. Maecenas erat aliquam erat volutpat. Ut venenatis ipsum quis turpis. Integer cursus scelerisque lorem. Sed nec mauris id quam blandit consequat. Cras nibh mi hendrerit vitae, dapibus et aliquam et magna. Nulla vitae elit. Mauris consectetuer odio vitae augue.',0000000000001,1);
INSERT INTO `products` (ProductID, Name, ReleaseDate, ImagePath, LanguageID, Brief, Description, EAN13, PublisherID) VALUES (3,'nimi3','2018-12-11','ipsum',3,'Lorem ipsum dolor sit amet, consectetuer adipiscing elit. Sed posuere interdum sem. Quisque ligula eros ullamcorper quis, lacinia quis facilisis sed sapien. Mauris varius diam vitae arcu.','minim',0000000000002,2);
INSERT INTO `products` (ProductID, Name, ReleaseDate, ImagePath, LanguageID, Brief, Description, EAN13, PublisherID) VALUES (4,'nimi4','2009-11-11',NULL,1,'Lorem ipsum dolor sit amet, consectetuer adipiscing elit. Sed posuere interdum sem. Quisque ligula eros ullamcorper quis, lacinia quis facilisis sed sapien. Mauris varius diam vitae arcu.','Lorem ipsum dolor sit amet, consectetuer adipiscing elit. Sed posuere interdum sem. Quisque ligula eros ullamcorper quis, lacinia quis facilisis sed sapien. Mauris varius diam vitae arcu. Sed arcu lectus auctor vitae, consectetuer et venenatis eget velit. Sed augue orci, lacinia eu tincidunt et eleifend nec lacus. Donec ultricies nisl ut felis, suspendisse potenti. Lorem ipsum ligula ut hendrerit mollis, ipsum erat vehicula risus, eu suscipit sem libero nec erat. Aliquam erat volutpat. Sed congue augue vitae neque. Nulla consectetuer porttitor pede. Fusce purus morbi tortor magna condimentum vel, placerat id blandit sit amet tortor.

Mauris sed libero. Suspendisse facilisis nulla in lacinia laoreet, lorem velit accumsan velit vel mattis libero nisl et sem. Proin interdum maecenas massa turpis sagittis in, interdum non lobortis vitae massa. Quisque purus lectus, posuere eget imperdiet nec sodales id arcu. Vestibulum elit pede dictum eu, viverra non tincidunt eu ligula.

Nam molestie nec tortor. Donec placerat leo sit amet velit. Vestibulum id justo ut vitae massa. Proin in dolor mauris consequat aliquam. Donec ipsum, vestibulum ullamcorper venenatis augue. Aliquam tempus nisi in auctor vulputate, erat felis pellentesque augue nec, pellentesque lectus justo nec erat. Aliquam et nisl. Quisque sit amet dolor in justo pretium condimentum.

Vivamus placerat lacus vel vehicula scelerisque, dui enim adipiscing lacus sit amet sagittis, libero enim vitae mi. In neque magna posuere, euismod ac tincidunt tempor est. Ut suscipit nisi eu purus. Proin ut pede mauris eget ipsum. Integer vel quam nunc commodo consequat. Integer ac eros eu tellus dignissim viverra. Maecenas erat aliquam erat volutpat. Ut venenatis ipsum quis turpis. Integer cursus scelerisque lorem. Sed nec mauris id quam blandit consequat. Cras nibh mi hendrerit vitae, dapibus et aliquam et magna. Nulla vitae elit. Mauris consectetuer odio vitae augue.',0000000000003,1);
INSERT INTO `products` (ProductID, Name, ReleaseDate, ImagePath, LanguageID, Brief, Description, EAN13, PublisherID) VALUES (5,'nimi5','2007-11-11','sit',2,'nostrud','exercitation',0000000000004,NULL);
INSERT INTO `products` (ProductID, Name, ReleaseDate, ImagePath, LanguageID, Brief, Description, EAN13, PublisherID) VALUES (6,'nimi6','2006-11-11','amet',NULL,NULL,'laboris',NULL,3);
INSERT INTO `products` (ProductID, Name, ReleaseDate, ImagePath, LanguageID, Brief, Description, EAN13, PublisherID) VALUES (7,'nimi7','2005-11-11','consectetur',1,'nisi','ut',0000000000006,3);
INSERT INTO `products` (ProductID, Name, ReleaseDate, ImagePath, LanguageID, Brief, Description, EAN13, PublisherID) VALUES (8,'nimi8',NULL,NULL,2,'aliquip',NULL,0000000000007,2);
INSERT INTO `products` (ProductID, Name, ReleaseDate, ImagePath, LanguageID, Brief, Description, EAN13, PublisherID) VALUES (9,'nimi9',NULL,'elit',3,'ea','commodo',0000000000008,4);
INSERT INTO `products` (ProductID, Name, ReleaseDate, ImagePath, LanguageID, Brief, Description, EAN13, PublisherID) VALUES (10,'nimi10','2015-11-11','sed',1,'consequat','Duis',0000000000009,5);
INSERT INTO `products` (ProductID, Name, ReleaseDate, ImagePath, LanguageID, Brief, Description, EAN13, PublisherID) VALUES (11,'nimi11','2014-11-11','do',NULL,'aute','irure',1000000000000,NULL);
INSERT INTO `products` (ProductID, Name, ReleaseDate, ImagePath, LanguageID, Brief, Description, EAN13, PublisherID) VALUES (12,'nimi12','2013-11-11',NULL,2,'dolor','in',NULL,5);
INSERT INTO `products` (ProductID, Name, ReleaseDate, ImagePath, LanguageID, Brief, Description, EAN13, PublisherID) VALUES (13,'nimi13','2012-11-11','tempor',1,'reprehenderit','in',3000000000000,4);
INSERT INTO `products` (ProductID, Name, ReleaseDate, ImagePath, LanguageID, Brief, Description, EAN13, PublisherID) VALUES (14,'nimi14','2012-11-11','incididunt',NULL,NULl,'velit',4000000000000,3);
INSERT INTO `products` (ProductID, Name, ReleaseDate, ImagePath, LanguageID, Brief, Description, EAN13, PublisherID) VALUES (15,'nimi15',NULL,'ut',2,NULL,'cillum',5000000000000,2);
INSERT INTO `products` (ProductID, Name, ReleaseDate, ImagePath, LanguageID, Brief, Description, EAN13, PublisherID) VALUES (16,'nimi16','2010-11-11','labore',1,'dolore','eu',NULL,1);
INSERT INTO `products` (ProductID, Name, ReleaseDate, ImagePath, LanguageID, Brief, Description, EAN13, PublisherID) VALUES (17,'nimi17','2010-11-11','et',3,'fugiat',NULL,7000000000000,6);
INSERT INTO `products` (ProductID, Name, ReleaseDate, ImagePath, LanguageID, Brief, Description, EAN13, PublisherID) VALUES (18,'nimi18','2016-01-11','dolore',2,'pariatur','Excepteur',8000000000000,4);
INSERT INTO `products` (ProductID, Name, ReleaseDate, ImagePath, LanguageID, Brief, Description, EAN13, PublisherID) VALUES (19,'nimi19','2012-11-01','magna',1,'sint','occaecat',9000000000000,5);
INSERT INTO `products` (ProductID, Name, ReleaseDate, ImagePath, LanguageID, Brief, Description, EAN13, PublisherID) VALUES (20,'nimi20',NULL,NULL,NULL,NULL,NULL,NULL,NULL);
