INSERT INTO genders (GenderID,GenderName) VALUES (1,"Unspecified");
INSERT INTO genders (GenderID,GenderName) VALUES (2,"Male");
INSERT INTO genders (GenderID,GenderName) VALUES (3,"Female");

INSERT INTO countries(CountryID,CountrySymbol,CountryName,FlagPath) VALUES (1,"FI","Finland",NULL);
INSERT INTO countries(CountryID,CountrySymbol,CountryName,FlagPath) VALUES (2,"JP","Japan",NULL);
INSERT INTO countries(CountryID,CountrySymbol,CountryName,FlagPath) VALUES (3,"UK","United Kingdom",NULL);
INSERT INTO countries(CountryID,CountrySymbol,CountryName,FlagPath) VALUES (4,"US","United States",NULL);
INSERT INTO countries(CountryID,CountrySymbol,CountryName,FlagPath) VALUES (5,"GER","Germany",NULL);

INSERT INTO `users`(`user_id`, `user_name`, `user_email`, `user_pass`, `user_salt`, `user_last_login`, `user_login_time`, `user_session_id`, `user_date`, `user_modified`, `user_agent_string`, `user_level`, `user_banned`, `passwd_recovery_code`, `passwd_recovery_date`, FirstName, LastName, Age, GenderID, CountryID, ScreenName, AvatarPath, Bio) VALUES (1, 'administrator', 'a@q.com', 'asd', 'asd', NULL, NULL, NULL, '2015-01-01', '2015-01-01', NULL, '1', '0', NULL, NULL, 'Admin', 'istrator', '1', '3', NULL, 'ADMIN', NULL, 'hahaa');
INSERT INTO `users`(`user_id`, `user_name`, `user_email`, `user_pass`, `user_salt`, `user_last_login`, `user_login_time`, `user_session_id`, `user_date`, `user_modified`, `user_agent_string`, `user_level`, `user_banned`, `passwd_recovery_code`, `passwd_recovery_date`, FirstName, LastName, Age, GenderID, CountryID, ScreenName, AvatarPath, Bio) VALUES (2, 'metropolia', 'b@w.com', 'asd', 'asd', NULL, NULL, NULL, '2015-01-01', '2015-01-01', NULL, '1', '0', NULL, NULL, 'Jose', 'Uusitalo', '21', '1', '1', 'joseu', NULL, 'hei');
INSERT INTO `users`(`user_id`, `user_name`, `user_email`, `user_pass`, `user_salt`, `user_last_login`, `user_login_time`, `user_session_id`, `user_date`, `user_modified`, `user_agent_string`, `user_level`, `user_banned`, `passwd_recovery_code`, `passwd_recovery_date`, FirstName, LastName, Age, GenderID, CountryID, ScreenName, AvatarPath, Bio) VALUES (3, 'bulevardi', 'c@e.com', 'asd', 'asd', NULL, NULL, NULL, '2015-01-01', '2015-01-01', NULL, '1', '0', NULL, NULL, 'Ilkka', 'Varjokannas', '29', NULL, '1', 'ilkkav', NULL, 'terve');
INSERT INTO `users`(`user_id`, `user_name`, `user_email`, `user_pass`, `user_salt`, `user_last_login`, `user_login_time`, `user_session_id`, `user_date`, `user_modified`, `user_agent_string`, `user_level`, `user_banned`, `passwd_recovery_code`, `passwd_recovery_date`, FirstName, LastName, Age, GenderID, CountryID, ScreenName, AvatarPath, Bio) VALUES (4, 'tietoteknikka', 'd@r.com', 'asd', 'asd', NULL, NULL, NULL, '2015-01-01', '2015-01-01', NULL, '1', '0', NULL, NULL, 'tieto', 'tekniikka', '30', '2', NULL, 'tietotekniikka', NULL, NULL);
INSERT INTO `users`(`user_id`, `user_name`, `user_email`, `user_pass`, `user_salt`, `user_last_login`, `user_login_time`, `user_session_id`, `user_date`, `user_modified`, `user_agent_string`, `user_level`, `user_banned`, `passwd_recovery_code`, `passwd_recovery_date`, FirstName, LastName, Age, GenderID, CountryID, ScreenName, AvatarPath, Bio) VALUES (5, 'ohjelmisto', 'e@t.com', 'asd', 'asd', NULL, NULL, NULL, '2015-01-01', '2015-01-01', NULL, '1', '0', NULL, NULL, 'ohjel', 'misto', '123', '3', NULL, 'uzakohjelmistoask', NULL, NULL);
INSERT INTO `users`(`user_id`, `user_name`, `user_email`, `user_pass`, `user_salt`, `user_last_login`, `user_login_time`, `user_session_id`, `user_date`, `user_modified`, `user_agent_string`, `user_level`, `user_banned`, `passwd_recovery_code`, `passwd_recovery_date`, FirstName, LastName, Age, GenderID, CountryID, ScreenName, AvatarPath, Bio) VALUES (6, 'java', 'f@y.com', 'asd', 'asd', NULL, NULL, NULL, '2015-01-01', '2015-01-01', NULL, '1', '0', NULL, NULL, NULL, 'va', '30', '2', '4', 'java', NULL, NULL);
INSERT INTO `users`(`user_id`, `user_name`, `user_email`, `user_pass`, `user_salt`, `user_last_login`, `user_login_time`, `user_session_id`, `user_date`, `user_modified`, `user_agent_string`, `user_level`, `user_banned`, `passwd_recovery_code`, `passwd_recovery_date`, FirstName, LastName, Age, GenderID, CountryID, ScreenName, AvatarPath, Bio) VALUES (7, 'codio', 'g@u.com', 'asd', 'asd', NULL, NULL, NULL, '2015-01-01', '2015-01-01', NULL, '1', '0', NULL, NULL, 'co', 'dio', NULL, '2', '2', 'codio', NULL, NULL);
INSERT INTO `users`(`user_id`, `user_name`, `user_email`, `user_pass`, `user_salt`, `user_last_login`, `user_login_time`, `user_session_id`, `user_date`, `user_modified`, `user_agent_string`, `user_level`, `user_banned`, `passwd_recovery_code`, `passwd_recovery_date`, FirstName, LastName, Age, GenderID, CountryID, ScreenName, AvatarPath, Bio) VALUES (8, 'git', 'h@i.com', 'asd', 'asd', NULL, NULL, NULL, '2015-01-01', '2015-01-01', NULL, '1', '0', NULL, NULL, NULL, NULL, NULL, NULL, NULL, 'git', NULL, NULL);
INSERT INTO `users`(`user_id`, `user_name`, `user_email`, `user_pass`, `user_salt`, `user_last_login`, `user_login_time`, `user_session_id`, `user_date`, `user_modified`, `user_agent_string`, `user_level`, `user_banned`, `passwd_recovery_code`, `passwd_recovery_date`, FirstName, LastName, Age, GenderID, CountryID, ScreenName, AvatarPath, Bio) VALUES (9, 'uzakask', 'i@o.com', 'asd', 'asd', NULL, NULL, NULL, '2015-01-01', '2015-01-01', NULL, '1', '0', NULL, NULL, 'Bayram', 'Aslan', '30', '1', NULL, 'uzakask', NULL, 'moi');
